{
    "$schema": "https://schema.management.azure.com/schemas/2019-04-01/deploymentTemplate.json#",
    "contentVersion": "1.0.0.0",
    "parameters": {
        "location": {
            "type": "String",
            "metadata": {
                "description": "Name of the location of an existing VNet the Router should be deployed to. From the following list https://azure.microsoft.com/en-us/global-infrastructure/locations type a location as one word and all lowercase."
            }
        },
        "localPublicIpAddress": {
            "type": "String",
            "metadata": {
                "description": "Customers machine public IP address"
            }
        },
        "virtualNetworkName": {
            "type": "String",
            "metadata": {
                "description": "Target virtual network"
            }
        },
        "sshPublicKey": {
            "type": "string",
            "metadata": {
                "description": "SSH public key"
            }
        },
        "conductorName": {
            "type": "String",
            "defaultValue": "__conductor-name__",
            "metadata": {
                "description": "Name of the conductor virtual machine in Azure"
            }
        },
        "orbitalRpAllowIps": {
            "type": "array",
            "defaultValue": [
                ___OrbitalRPIPs___
            ],
            "metadata": {
                "description": "List of Orbital RP public IPs to allow-list on Conductor NSG rule"
            }
        },
        "vNetIPAddressSpace": {
            "type": "String",
            "metadata": {
                "description":"The Azure virtual network IP address range, in CIDR format."
            }
        },
        "MGMTSubnetIPAddressSpace": {
            "type": "String",
            "metadata": {
                "description":"The Azure vNet management IP address range, in CIDR format."
            }
        },
        "cloudInitScript": {
            "type": "secureString",
            "defaultValue": "___cloudInitScript___",
            "metadata": {
                "description": "Juniper cloud-init script"
            }
        },
        "conductorSKUName": {
            "type": "String",
            "metadata": {
                "description": "Marketplace offering SKU name for Azure Conductor"
            }
        }
    },
    "variables": {
        "networkInterfaceName": "[concat(parameters('conductorName'), '-network-interface')]",
        "securityGroupName": "[concat(parameters('conductorName'), '-sg')]",
        "publicIpName": "[concat(parameters('conductorName'), '-publicIp')]",
        "diskName": "[concat(parameters('conductorName'), '-disk')]",
        "scripts": "[parameters('cloudInitScript')]",
        "sku": "[parameters('conductorSKUName')]"
    },
    "resources": [
        {
            "type": "Microsoft.Compute/virtualMachines",
            "apiVersion": "2022-03-01",
            "name": "[parameters('conductorName')]",
            "dependsOn": [
                "[resourceId('Microsoft.Network/networkInterfaces', variables('networkInterfaceName'))]"
            ],
            "location": "[parameters('location')]",
            "plan": {
                "name": "[variables('sku')]",
                "product": "session-smart-networking-payg",
                "publisher": "juniper-networks"
            },
            "properties": {
                "hardwareProfile": {
                    "vmSize": "Standard_DS3_v2"
                },
                "storageProfile": {
                    "imageReference": {
                        "publisher": "juniper-networks",
                        "offer": "session-smart-networking-payg",
                        "sku": "[variables('sku')]",
                        "version": "latest"
                    },
                    "osDisk": {
                        "osType": "Linux",
                        "name": "[variables('diskName')]",
                        "createOption": "FromImage",
                        "caching": "ReadWrite",
                        "managedDisk": {
                            "storageAccountType": "Premium_LRS"
                        },
                        "deleteOption": "Detach",
                        "diskSizeGB": 30
                    },
                    "dataDisks": []
                },
                "osProfile": {
                    "computerName": "[parameters('conductorName')]",
                    "adminUsername": "azureuser",
                    "customData": "[base64(variables('scripts'))]",
                    "linuxConfiguration": {
                        "disablePasswordAuthentication": true,
                        "ssh": {
                            "publicKeys": [
                                {
                                    "path": "[concat('/home/', 'azureuser', '/.ssh/authorized_keys')]",
                                    "keyData": "[parameters('sshPublicKey')]"
                                }
                            ]
                        },
                        "provisionVMAgent": true,
                        "patchSettings": {
                            "patchMode": "ImageDefault",
                            "assessmentMode": "ImageDefault"
                        }
                    },
                    "secrets": [],
                    "allowExtensionOperations": true
                },
                "networkProfile": {
                    "networkInterfaces": [
                        {
                            "id": "[resourceId('Microsoft.Network/networkInterfaces', variables('networkInterfaceName'))]"
                        }
                    ]
                },
                "diagnosticsProfile": {
                    "bootDiagnostics": {
                        "enabled": true
                    }
                }
            }
        },
        {
            "type": "Microsoft.Network/networkInterfaces",
            "apiVersion": "2020-11-01",
            "name": "[variables('networkInterfaceName')]",
            "dependsOn": [
                "[concat(resourceId('Microsoft.Network/virtualNetworks', parameters('virtualNetworkName')), '/subnets/MGMT')]",
                "[resourceId('Microsoft.Network/publicIPAddresses', variables('publicIpName'))]"
            ],
            "location": "[parameters('location')]",
            "properties": {
                "ipConfigurations": [
                    {
                        "name": "publicIpConfig",
                        "properties": {
                            "privateIPAllocationMethod": "Dynamic",
                            "publicIPAddress": {
                                "id": "[resourceId('Microsoft.Network/publicIPAddresses', variables('publicIpName'))]"
                            },
                            "subnet": {
                                "id": "[concat(resourceId('Microsoft.Network/virtualNetworks', parameters('virtualNetworkName')), '/subnets/MGMT')]"
                            },
                            "primary": true,
                            "privateIPAddressVersion": "IPv4" 
                        }
                    }
                ],
                "dnsSettings": {
                    "dnsServers": []
                },
                "enableAcceleratedNetworking": true,
                "enableIPForwarding": false,
                "networkSecurityGroup": {
                    "id": "[resourceId('Microsoft.Network/networkSecurityGroups', variables('securityGroupName'))]"
                }
            }
        },
        {
            "type": "Microsoft.Network/virtualNetworks",
            "apiVersion": "2020-11-01",
            "name": "[parameters('virtualNetworkName')]",
            "dependsOn": [
                "[resourceId('Microsoft.Network/networkSecurityGroups', variables('securityGroupName'))]"
            ],
            "location": "[parameters('location')]",
            "properties": {
                "addressSpace": {
                    "addressPrefixes": [
                        "[parameters('vNetIPAddressSpace')]"
                    ]
                },
                "subnets": [],
                "virtualNetworkPeerings": [],
                "enableDdosProtection": false
            }
        },
        {
            "type": "Microsoft.Network/virtualNetworks/subnets",
            "apiVersion": "2020-11-01",
            "name": "[concat(parameters('virtualNetworkName'), '/MGMT')]",
            "dependsOn": [
                "[resourceId('Microsoft.Network/virtualNetworks', parameters('virtualNetworkName'))]"
            ],
            "properties": {
                "addressPrefix": "[parameters('MGMTSubnetIPAddressSpace')]",
                "delegations": [],
                "privateEndpointNetworkPolicies": "Disabled",
                "privateLinkServiceNetworkPolicies": "Enabled",
                "networkSecurityGroup": {
                    "id": "[resourceId('Microsoft.Network/networkSecurityGroups', variables('securityGroupName'))]"
                }
            }
        },
        {
            "type": "Microsoft.Network/publicIPAddresses",
            "apiVersion": "2020-11-01",
            "name": "[variables('publicIpName')]",
            "location": "[parameters('location')]",
            "sku": {
                "name": "Standard",
                "tier": "Regional"
            },
            "properties": {
                "publicIPAllocationMethod": "Static",
                "publicIPAddressVersion": "IPv4"
            }
        },
        {
            "type": "Microsoft.Network/networkSecurityGroups",
            "apiVersion": "2020-11-01",
            "name": "[variables('securityGroupName')]",
            "location": "[parameters('location')]",
            "properties": {
                "securityRules": []
            }
        },
        {
            "type": "Microsoft.Network/networkSecurityGroups/securityRules",
            "apiVersion": "2020-11-01",
            "name": "[concat(variables('securityGroupName'), '/AllowOrbitalRPIPs')]",
            "dependsOn": [
                "[resourceId('Microsoft.Network/networkSecurityGroups', variables('securityGroupName'))]"
            ],
            "properties": {
                "protocol": "TCP",
                "sourcePortRange": "*",
                "destinationPortRange": "443",
                "destinationAddressPrefix": "*",
                "access": "Allow",
                "priority": 1000,
                "direction": "Inbound",
                "sourcePortRanges": [],
                "destinationPortRanges": [],
                "sourceAddressPrefixes": "[parameters('orbitalRpAllowIps')]",
                "destinationAddressPrefixes": []
            }
        },
        {
            "type": "Microsoft.Network/networkSecurityGroups/securityRules",
            "apiVersion": "2020-11-01",
            "name": "[concat(variables('securityGroupName'), '/Https')]",
            "dependsOn": [
                "[resourceId('Microsoft.Network/networkSecurityGroups', variables('securityGroupName'))]"
            ],
            "properties": {
                "protocol": "TCP",
                "sourcePortRange": "*",
                "destinationPortRange": "443",
                "destinationAddressPrefix": "*",
                "access": "Allow",
                "priority": 1020,
                "direction": "Inbound",
                "sourcePortRanges": [],
                "destinationPortRanges": [],
                "sourceAddressPrefixes": [
                    "[parameters('localPublicIpAddress')]"
                ],
                "destinationAddressPrefixes": []
            }
        },
        {
            "type": "Microsoft.Network/networkSecurityGroups/securityRules",
            "apiVersion": "2020-11-01",
            "name": "[concat(variables('securityGroupName'), '/router-to-conductor')]",
            "dependsOn": [
                "[resourceId('Microsoft.Network/networkSecurityGroups', variables('securityGroupName'))]"
            ],
            "properties": {
                "protocol": "TCP",
                "sourcePortRange": "*",
                "destinationPortRange": "930",
                "sourceAddressPrefix": "*",
                "destinationAddressPrefix": "*",
                "access": "Allow",
                "priority": 1040,
                "direction": "Inbound",
                "sourcePortRanges": [],
                "destinationPortRanges": [],
                "sourceAddressPrefixes": [],
                "destinationAddressPrefixes": []
            }
        },
        {
            "type": "Microsoft.Network/networkSecurityGroups/securityRules",
            "apiVersion": "2020-11-01",
            "name": "[concat(variables('securityGroupName'), '/salt_minion')]",
            "dependsOn": [
                "[resourceId('Microsoft.Network/networkSecurityGroups', variables('securityGroupName'))]"
            ],
            "properties": {
                "protocol": "TCP",
                "sourcePortRange": "*",
                "destinationPortRange": "4505-4506",
                "sourceAddressPrefix": "*",
                "destinationAddressPrefix": "*",
                "access": "Allow",
                "priority": 1030,
                "direction": "Inbound",
                "sourcePortRanges": [],
                "destinationPortRanges": [],
                "sourceAddressPrefixes": [],
                "destinationAddressPrefixes": []
            }
        },
        {
            "type": "Microsoft.Network/networkSecurityGroups/securityRules",
            "apiVersion": "2020-11-01",
            "name": "[concat(variables('securityGroupName'), '/SSH')]",
            "dependsOn": [
                "[resourceId('Microsoft.Network/networkSecurityGroups', variables('securityGroupName'))]"
            ],
            "properties": {
                "protocol": "TCP",
                "sourcePortRange": "*",
                "destinationPortRange": "22",
                "destinationAddressPrefix": "*",
                "access": "Allow",
                "priority": 1010,
                "direction": "Inbound",
                "sourcePortRanges": [],
                "destinationPortRanges": [],
                "sourceAddressPrefixes": [
                    "[parameters('localPublicIpAddress')]"
                ],
                "destinationAddressPrefixes": []
            }
        }
    ]
}