{
    "$schema": "https://schema.management.azure.com/schemas/2019-04-01/deploymentTemplate.json#",
    "contentVersion": "1.0.0.0",
    "parameters": {
        "location": {
            "type": "string",
            "defaultValue": "___region___"
        },
        "edgeRouterName": {
            "type": "string",
            "defaultValue": "___edgeCARname___"
        },
        "edgeLinks": {
            "type": "array",
            "defaultValue": [
                {
                    "transportType": "SatcomLeo",
                    "name": "SATCOM",
                    "gatewayIPAddress": null,
                    "privateIPAddress": "___satcomSubnet___",
                    "nicIPAddress": null,
                    "agentIPAddress": null,
                    "isDynamic": true
                },
                {
                    "transportType": "Private",
                    "name": "LAN",
                    "gatewayIPAddress": "___eLanGWIP___",
                    "privateIPAddress": "___eLanSubnet___",
                    "nicIPAddress": "___eLanGWIP___",
                    "agentIPAddress": "___eLanGWIP___",
                    "isDynamic": false
                }
            ]
        },
        "terminalName": {
            "type": "string",
            "defaultValue": "___terminalName___"
        },
        "azureStackEdgeId": {
            "type": "string",
            "defaultValue": "___aseResourceID___"
        },
        "connectionName": {
            "type": "string",
            "defaultValue": "___connectionName___"
        },
        "vpnGatewayConnectionResourceId": {
            "type": "string",
            "defaultValue": "___vpnGatewayConnectionResourceId___"
        }
    },
    "resources" : [
        {
            "type": "Microsoft.Orbital/cloudAccessRouters",
            "apiVersion": "2023-04-01-preview",
            "name": "[parameters('edgeRouterName')]",
            "location": "[parameters('location')]",
            "tags": { "useSdwan": false },
            "properties": {
                "mode": "Edge"
            }
        },
        {
            "type": "Microsoft.Orbital/cloudAccessRouters/links",
            "apiVersion": "2023-04-01-preview",
            "name": "[concat(parameters('edgeRouterName'), '/', parameters('edgeLinks')[copyIndex()].name)]",
            "dependsOn": [
                "[resourceId('Microsoft.Orbital/cloudAccessRouters', parameters('edgeRouterName'))]"
            ],
            "properties": {
                "linkType": "[parameters('edgeLinks')[copyIndex()].transportType]",
                "privateAddressRange": "[parameters('edgeLinks')[copyIndex()].privateIPAddress]",
                "gatewayIpAddress": "[parameters('edgeLinks')[copyIndex()].gatewayIPAddress]",
                "nicIpAddress": "[parameters('edgeLinks')[copyIndex()].nicIPAddress]",
                "agentIpAddress": "[parameters('edgeLinks')[copyIndex()].agentIPAddress]",
                "isDynamic": "[parameters('edgeLinks')[copyIndex()].isDynamic]"
            },
            "copy": {
                "name": "edgeLinkCopy",
                "count": "[length(parameters('edgeLinks'))]"
            }
        },
        {
            "type": "Microsoft.Orbital/terminals",
            "apiVersion": "2023-04-01-preview",
            "name": "[parameters('terminalName')]",
            "location": "[parameters('location')]",
            "dependsOn": [
                "[resourceId('Microsoft.Orbital/cloudAccessRouters', parameters('edgeRouterName'))]"
            ],
            "properties": {
                "useSdWan": "false",
                "azureStackEdge": {
                    "id": "[parameters('azureStackEdgeId')]"
                },
                "edgeCloudAccessRouter": {
                    "id": "[resourceId('Microsoft.Orbital/cloudAccessRouters', parameters('edgeRouterName'))]"
                }
            }
        },
        {
            "type": "Microsoft.Orbital/terminals/connections",
            "apiVersion": "2023-04-01-preview",
            "name": "[concat(parameters('terminalName'), '/', parameters('connectionName'))]",
            "dependsOn": [
                "[resourceId('Microsoft.Orbital/terminals', parameters('terminalName'))]"
            ],
            "properties": {
                "VpnGateway": {
                    "id": "[parameters('vpnGatewayConnectionResourceId')]"
                }
            }
        }
    ]
}