{
    "$schema": "https://schema.management.azure.com/schemas/2015-01-01/deploymentTemplate.json#",
    "contentVersion": "1.0.0.0",
    "parameters": {
        "cloudSSRName": {
            "type": "string",
            "metadata": {
                "description": "Name of the instance."
            }
        },
        "location": {
            "type": "string",
            "metadata": {
                "description": "Name of the location of an existing VNet the Router should be deployed to. From the following list https://azure.microsoft.com/en-us/global-infrastructure/locations type a location as one word and all lowercase."
            }
        },
        "script": {
            "type": "string",
            "metadata": {
                "description": "Custom script extension for the VMBUS ID retrieval"
            }
        }
    },
    "resources": [
        {
            "type": "Microsoft.Compute/virtualMachines/extensions",
            "name": "[concat(parameters('cloudSSRName'),'/retrieveVMBusId')]",
            "apiVersion": "2015-05-01-preview",
            "location": "[parameters('location')]",
            "properties": {
                "publisher": "Microsoft.Azure.Extensions",
                "type": "CustomScript",
                "typeHandlerVersion": "2.1",
                "autoUpgradeMinorVersion": true,
                "settings": {
                    "skipDos2Unix":false,
                    "timestamp":123456789,
                    "fileUris": []
                },
                "protectedSettings": {
                    "script": "[base64(parameters('script'))]",
                    "managedIdentity" : {}
                }
            }
        }
    ]
}
