{
    "$schema": "https://schema.management.azure.com/schemas/2019-04-01/deploymentTemplate.json#",
    "contentVersion": "1.0.0.0",
    "parameters": {
        "routeTableName": {
            "type": "String"
        },
        "lanPrivateIpAddress": {
            "type": "String"
        },
        "addressPrefix": {
            "type": "String"
        }
    },
    "variables": {},
    "resources": [
        {
            "type": "Microsoft.Network/routeTables/routes",
            "apiVersion": "2022-07-01",
            "name": "[concat(parameters('routeTableName'), '/LAN_NextHop')]",
            "properties": {
                "addressPrefix": "[parameters('addressPrefix')]",
                "nextHopType": "VirtualAppliance",
                "nextHopIpAddress": "[parameters('lanPrivateIpAddress')]",
                "hasBgpOverride": false
            }
        }
    ]
}