{
    "$schema": "https://schema.management.azure.com/schemas/2019-04-01/deploymentTemplate.json#",
    "contentVersion": "1.0.0.0",
    "parameters": {
        "location": {
            "type": "string",
            "defaultValue": "___region___"
        },
        "edgeRouterName": {
            "type": "string",
            "defaultValue": "___edgeCARname___"
        },
        "edgeLinks": {
            "type": "array",
            "defaultValue": [
                {
                    "transportType": "SatcomLeo",
                    "name": "satcom",
                    "publicIPAddress": null,
                    "gatewayIPAddress": null,
                    "privateIPAddress": "100.64.0.1/10",
                    "nicIPAddress": null,
                    "agentIPAddress": null,
                    "vmBusID": "___satcomVMBUSID___",
                    "priority": ___satcomPriority___,
                    "isDynamic": true
                },
                {
                    "transportType": "Terrestrial",
                    "name": "secondary",
                    "publicIPAddress": null,
                    "gatewayIPAddress": "___secGWIP___",
                    "privateIPAddress": "___secSubnet___",
                    "nicIPAddress": "___secNicIP___",
                    "agentIPAddress": null,
                    "vmBusID": "___secVMBUSID___",
                    "priority": ___secPriority___,
                    "isDynamic": false
                },
                {
                    "transportType": "Private",
                    "name": "edgelan",
                    "publicIPAddress": null,
                    "gatewayIPAddress": "___eLanGWIP___",
                    "privateIPAddress": "___eLanSubnet___",
                    "nicIPAddress": "___eLanNicIP___",
                    "agentIPAddress": "___agentIP___",
                    "vmBusID": "___eLanVMBUSID___",
                    "priority": null,
                    "isDynamic": false
                }
            ]
        },
        "terminalName": {
            "type": "string",
            "defaultValue": "___terminalName___"
        },
        "azureStackEdgeId": {
            "type": "string",
            "defaultValue": "___aseResourceID___"
        },
        "sdwanController": {
            "type": "object",
            "defaultValue": {
                "name": "___controllerName___",
                "controllerURI": "___controllerPIP___",
                "username": "___controllerAdminUsername___",
                "passwordURI": "___controllerPWKV___"
            }
        },
        "cloudRouterName": {
            "type": "string",
            "defaultValue": "___cloudCARName___"
        },
        "cloudLinks": {
            "type": "array",
            "defaultValue": [
                {
                    "transportType": "Public",
                    "name": "azpublic",
                    "publicIPAddress": "___azPublicIP___",
                    "gatewayIPAddress": "___azPubGWIP___",
                    "privateIPAddress": "___azPubSubnet___",
                    "nicIPAddress": "___azPubNicIP___",
                    "agentIPAddress": null,
                    "vmBusID": "___azPubVMBUSID___",
                    "priority": null,
                    "isDynamic": false
                },
                {
                    "transportType": "Private",
                    "name": "azprivate",
                    "publicIPAddress": null,
                    "gatewayIPAddress": "___azPrivGWIP___",
                    "privateIPAddress": "___azPrivSubnet___",
                    "nicIPAddress": "___azPrivNicIP___",
                    "agentIPAddress": null,
                    "vmBusID": "___azPrivVMBUSID___",
                    "priority": null,
                    "isDynamic": false
                }
            ]
        },
        "connectionName": {
            "type": "string",
            "defaultValue": "___connectionName___"
        },
        "internetBreakout": {
            "type": "bool",
            "defaultValue": ___inetBreakoutFlag___
        },
        "deviceHostOSIP": {
            "type": "string",
            "defaultValue": "___deviceHostOSIP___"
        }
    },
    "resources" : [
        {
            "type": "Microsoft.Orbital/cloudAccessRouters",
            "apiVersion": "2023-04-01-preview",
            "name": "[parameters('edgeRouterName')]",
            "location": "[parameters('location')]",
            "tags": { "useSdwan": true },
            "properties": {
                "mode": "Edge"
            }
        },
        {
            "type": "Microsoft.Orbital/cloudAccessRouters/links",
            "apiVersion": "2023-04-01-preview",
            "name": "[concat(parameters('edgeRouterName'), '/', parameters('edgeLinks')[copyIndex()].name)]",
            "dependsOn": [
                "[parameters('edgeRouterName')]"
            ],
            "properties": {
                "linkType": "[parameters('edgeLinks')[copyIndex()].transportType]",
                "privateAddressRange": "[parameters('edgeLinks')[copyIndex()].privateIPAddress]",
                "publicIpAddress": "[parameters('edgeLinks')[copyIndex()].publicIPAddress]",
                "gatewayIpAddress": "[parameters('edgeLinks')[copyIndex()].gatewayIPAddress]",
                "nicIpAddress": "[parameters('edgeLinks')[copyIndex()].nicIPAddress]",
                "agentIpAddress": "[parameters('edgeLinks')[copyIndex()].agentIPAddress]",
                "vmBusId": "[parameters('edgeLinks')[copyIndex()].vmBusID]",
                "priority": "[parameters('edgeLinks')[copyIndex()].priority]",
                "isDynamic": "[parameters('edgeLinks')[copyIndex()].isDynamic]"
            },
            "copy": {
                "name": "edgeLinkCopy",
                "count": "[length(parameters('edgeLinks'))]"
            }
        },
        {
            "type": "Microsoft.Orbital/terminals",
            "apiVersion": "2023-04-01-preview",
            "name": "[parameters('terminalName')]",
            "location": "[parameters('location')]",
            "dependsOn": [
                "[resourceId('Microsoft.Orbital/cloudAccessRouters', parameters('edgeRouterName'))]"
            ],
            "properties": {
                "useSdWan": "true",
                "azureStackEdge": {
                    "id": "[parameters('azureStackEdgeId')]"
                },
                "edgeCloudAccessRouter": {
                    "id": "[resourceId('Microsoft.Orbital/cloudAccessRouters', parameters('edgeRouterName'))]"
                },
                "deviceHostOSIP": "[parameters('deviceHostOSIP')]"
            }
        },
        {
            "type": "Microsoft.Orbital/sdwanControllers",
            "apiVersion": "2023-04-01-preview",
            "name": "[parameters('sdwanController').name]",
            "location": "[parameters('location')]",
            "properties": {
                "controllerType": "Juniper",
                "controller": {
                    "id": "[parameters('sdwanController').controllerURI]"
                },
                "credentials": {
                    "userName": "[parameters('sdwanController').username]",
                    "passwordKeyVaultUri": "[parameters('sdwanController').passwordURI]"
                }
            }
        },
        {
            "type": "Microsoft.Orbital/cloudAccessRouters",
            "apiVersion": "2023-04-01-preview",
            "name": "[parameters('cloudRouterName')]",
            "location": "[parameters('location')]",
            "tags": { "useSdwan": true },
            "dependsOn": [
                "[resourceId('Microsoft.Orbital/sdwanControllers', parameters('sdwanController').name)]"
            ],
            "properties": {
                "mode": "Cloud",
                "sdwanController": {
                    "id": "[resourceId('Microsoft.Orbital/sdwanControllers', parameters('sdwanController').name)]"
                }
            }
        },
        {
            "type": "Microsoft.Orbital/cloudAccessRouters/links",
            "apiVersion": "2023-04-01-preview",
            "name": "[concat(parameters('cloudRouterName'), '/', parameters('cloudLinks')[copyIndex()].name)]",
            "dependsOn": [
                "[parameters('cloudRouterName')]"
            ],
            "properties": {
                "linkType": "[parameters('cloudLinks')[copyIndex()].transportType]",
                "privateAddressRange": "[parameters('cloudLinks')[copyIndex()].privateIPAddress]",
                "publicIpAddress": "[parameters('cloudLinks')[copyIndex()].publicIPAddress]",
                "gatewayIpAddress": "[parameters('cloudLinks')[copyIndex()].gatewayIPAddress]",
                "nicIpAddress": "[parameters('cloudLinks')[copyIndex()].nicIPAddress]",
                "agentIpAddress": "[parameters('cloudLinks')[copyIndex()].agentIPAddress]",
                "vmBusId": "[parameters('cloudLinks')[copyIndex()].vmBusID]",
                "priority": "[parameters('cloudLinks')[copyIndex()].priority]",
                "isDynamic": "[parameters('edgeLinks')[copyIndex()].isDynamic]"
            },
            "copy": {
                "name": "cloudLinkCopy",
                "count": "[length(parameters('cloudLinks'))]"
            }
        },
        {
            "type": "Microsoft.Orbital/terminals/connections",
            "apiVersion": "2023-04-01-preview",
            "name": "[concat(parameters('terminalName'), '/', parameters('connectionName'))]",
            "dependsOn": [
                "[resourceId('Microsoft.Orbital/terminals', parameters('terminalName'))]",
                "[resourceId('Microsoft.Orbital/cloudAccessRouters', parameters('cloudRouterName'))]"
            ],
            "properties": {
                "enableInternetBreakout": "[parameters('internetBreakout')]",
                "cloudAccessRouter": {
                    "id": "[resourceId('Microsoft.Orbital/cloudAccessRouters', parameters('cloudRouterName'))]"
                }
            }
        }
    ]
}