{
    "$schema": "https://schema.management.azure.com/schemas/2015-01-01/deploymentTemplate.json#",
    "contentVersion": "1.0.0.0",
    "parameters": {
        "cloudSSRName": {
            "type": "string",
            "metadata": {
                "description": "Name of the instance."
            }
        },
        "location": {
            "type": "string",
            "metadata": {
                "description": "Name of the location of an existing VNet the Router should be deployed to. From the following list https://azure.microsoft.com/en-us/global-infrastructure/locations type a location as one word and all lowercase."
            }
        },
        "virtualNetworkName": {
            "type": "string",
            "metadata": {
                "description": "Name of an existing VNet within the resource group the Router should be deployed to."
            }
        },
        "deploymentNameAndTimestamp": {
            "type": "string",
            "metadata": {
                "description": "Name and timestamp of deployment."
            }
        },
        "cloudInitScript": {
            "type": "secureString",
            "defaultValue": "___cloudInitScript___",
            "metadata": {
                "description": "Juniper cloud-init script"
            }
        },
        "publicSubnetName": {
            "type": "string",
            "defaultValue" : "WAN",
            "metadata": {
                "description": "To which existing public subnet should the Router's public interface be attached?. It must be the name of an existing public subnet in the VNet selected above."
            }
        },
        "privateSubnetName": {
            "type": "string",
            "defaultValue": "LAN",
            "metadata": {
                "description": "To which existing private subnet should the Router's private interface be attached?. It must be the name of an existing private subnet in the VNet selected above."
            }
        },
        "adminAllowedCidr": {
            "type": "string",
            "metadata": {
                "description": "Allowed IP for admin interface."
            }
        },
        "publicSubnetAllowedCidr": {
            "type": "string",
            "defaultValue": "0.0.0.0/0",
            "metadata": {
                "description": "Allowed IP for public interface."
            }
        },
        "privateSubnetAllowedCidr": {
            "type": "string",
            "defaultValue": "0.0.0.0/0",
            "metadata": {
                "description": "Allowed IP for private interface."
            }
        },
        "conductorPrimaryControlIP": {
            "type": "string",
            "metadata": {
                "description": "Conductors public IP."
            }
        },
        "instanceSize": {
            "type": "string",
            "allowedValues": [
                "Standard_DS3_v2",
                "Standard_F8",
                "Standard_F8s_v2",
                "Standard_F16s_v2",
                "Standard_F32s_v2",
                "Standard_F64s_v2"
            ],
            "defaultValue": "Standard_DS3_v2",
            "metadata": {
                "description": "Size of the instance."
            }
        },
        "adminUsername": {
            "type": "string",
            "defaultValue": "azureuser",
            "metadata": {
                "description": "Username used to authenticate with the VM instance via SSH."
            }
        },
        "adminPublicKeyData": {
            "type": "string",
            "metadata": {
                "description": "SSH public key certificate used to authenticate with the VM instance via SSH. The key needs to be at least 2048-bit and in ssh-rsa format."
            }
        },
        "managementSubnetExternalId": {
            "type": "String",
            "metadata": {
                "description": "security groupd provisioned in conductor"
            }
        },
        "cloudSSRSKUName": {
            "type": "String",
            "metadata": {
                "description": "Marketplace offering SKU name for Azure SSR"
            }
        },
        "WANSubnetIPAddressSpace": {
            "type": "String",
            "metadata": {
                "description":"The Azure vNet WAN subnet IP address range, in CIDR format."
            }
        },
        "LANSubnetIPAddressSpace": {
            "type": "String",
            "metadata": {
                "description":"The Azure vNet LAN subnet IP address range, in CIDR format."
            }
        }
    },
    "variables": {
        "publicSubnetRef": "[resourceId(resourceGroup().name, 'Microsoft.Network/virtualNetworks/subnets', parameters('virtualNetworkName'), parameters('publicSubnetName'))]",
        "privateSubnetRef": "[resourceId(resourceGroup().name, 'Microsoft.Network/virtualNetworks/subnets', parameters('virtualNetworkName'), parameters('privateSubnetName'))]",
        "routeTableName": "[concat(parameters('cloudSSRName'), '-routeTable')]",
        "mgmtName": "[concat(parameters('cloudSSRName'), '-mgmt')]",
        "wanName": "[concat(parameters('cloudSSRName'), '-public')]",
        "lanName": "[concat(parameters('cloudSSRName'), '-private')]",
        "offer": "session-smart-networking-payg",
        "sku": "[parameters('cloudSSRSKUName')]"
    },
    "resources": [
        {
            "apiVersion": "2018-02-01",
            "name": "[parameters('deploymentNameAndTimestamp')]",
            "type": "Microsoft.Resources/deployments",
            "properties": {
                "mode": "Incremental",
                "template": {
                    "$schema": "https://schema.management.azure.com/schemas/2015-01-01/deploymentTemplate.json#",
                    "contentVersion": "1.0.0.0",
                    "resources": []
                }
            }
        },
        {
            "apiVersion": "2019-09-01",
            "type": "Microsoft.Network/networkSecurityGroups",
            "name": "[variables('mgmtName')]",
            "location": "[parameters('location')]",
            "properties": {
                "securityRules": [
                    {
                        "name": "adminSSH",
                        "properties": {
                            "description": "Allows SSH",
                            "protocol": "Tcp",
                            "sourcePortRange": "*",
                            "destinationPortRange": "22",
                            "sourceAddressPrefix": "[parameters('adminAllowedCidr')]",
                            "destinationAddressPrefix": "*",
                            "access": "Allow",
                            "priority": 100,
                            "direction": "Inbound"
                        }
                    },
                    {
                        "name": "adminHTTPs",
                        "properties": {
                            "description": "Allows HTTPs",
                            "protocol": "Tcp",
                            "sourcePortRange": "*",
                            "destinationPortRange": "443",
                            "sourceAddressPrefix": "[parameters('adminAllowedCidr')]",
                            "destinationAddressPrefix": "*",
                            "access": "Allow",
                            "priority": 200,
                            "direction": "Inbound"
                        }
                    }
                ]
            }
        },
        {
            "apiVersion": "2018-08-01",
            "type": "Microsoft.Network/publicIPAddresses",
            "name": "[variables('mgmtName')]",
            "location": "[parameters('location')]",
            "properties": {
                "publicIPAllocationMethod": "Static"
            }
        },
        {
            "apiVersion": "2019-09-01",
            "type": "Microsoft.Network/networkInterfaces",
            "name": "[variables('mgmtName')]",
            "location": "[parameters('location')]",
            "dependsOn": [
                "[resourceId('Microsoft.Network/publicIPAddresses/', variables('mgmtName'))]",
                "[resourceId('Microsoft.Network/networkSecurityGroups/', variables('mgmtName'))]"
            ],
            "properties": {
                "enableAcceleratedNetworking": true,
                "enableIPForwarding": true,
                "networkSecurityGroup": {
                    "id": "[resourceId('Microsoft.Network/networkSecurityGroups', variables('mgmtName'))]"
                },
                "ipConfigurations": [
                    {
                        "name": "[variables('mgmtName')]",
                        "properties": {
                            "privateIPAllocationMethod": "Dynamic",
                            "publicIPAddress": {
                                "id": "[resourceId('Microsoft.Network/publicIPAddresses', variables('mgmtName'))]"
                            },
                            "subnet": {
                                "id": "[parameters('managementSubnetExternalId')]"
                            }
                        }
                    }
                ]
            }
        },
        {
            "apiVersion": "2019-09-01",
            "type": "Microsoft.Network/networkSecurityGroups",
            "name": "[variables('wanName')]",
            "location": "[parameters('location')]",
            "properties": {
                "securityRules": [
                    {
                        "name": "adminSSH",
                        "properties": {
                            "description": "Allows SSH",
                            "protocol": "Tcp",
                            "sourcePortRange": "*",
                            "destinationPortRange": "22",
                            "sourceAddressPrefix": "[parameters('adminAllowedCidr')]",
                            "destinationAddressPrefix": "*",
                            "access": "Allow",
                            "priority": 100,
                            "direction": "Inbound"
                        }
                    },
                    {
                        "name": "adminHTTPs",
                        "properties": {
                            "description": "Allows HTTPs",
                            "protocol": "Tcp",
                            "sourcePortRange": "*",
                            "destinationPortRange": "443",
                            "sourceAddressPrefix": "[parameters('adminAllowedCidr')]",
                            "destinationAddressPrefix": "*",
                            "access": "Allow",
                            "priority": 200,
                            "direction": "Inbound"
                        }
                    },
                    {
                        "name": "tcpBFD",
                        "properties": {
                            "description": "Allows BFD TCP to peer with other Routers",
                            "protocol": "Tcp",
                            "sourcePortRange": "*",
                            "destinationPortRange": "1280",
                            "sourceAddressPrefix": "[parameters('publicSubnetAllowedCidr')]",
                            "destinationAddressPrefix": "*",
                            "access": "Allow",
                            "priority": 300,
                            "direction": "Inbound"
                        }
                    },
                    {
                        "name": "udpBFD",
                        "properties": {
                            "description": "Allows BFD UDP to peer with other Routers",
                            "protocol": "Udp",
                            "sourcePortRange": "*",
                            "destinationPortRange": "1280",
                            "sourceAddressPrefix": "[parameters('publicSubnetAllowedCidr')]",
                            "destinationAddressPrefix": "*",
                            "access": "Allow",
                            "priority": 400,
                            "direction": "Inbound"
                        }
                    },
                    {
                        "name": "tcpSVR",
                        "properties": {
                            "description": "Allows SVR TCP to peer with other Routers",
                            "protocol": "Tcp",
                            "sourcePortRange": "*",
                            "destinationPortRange": "16000-65000",
                            "sourceAddressPrefix": "[parameters('publicSubnetAllowedCidr')]",
                            "destinationAddressPrefix": "*",
                            "access": "Allow",
                            "priority": 500,
                            "direction": "Inbound"
                        }
                    },
                    {
                        "name": "udpSVR",
                        "properties": {
                            "description": "Allows SVR UDP to peer with other from Routers",
                            "protocol": "Udp",
                            "sourcePortRange": "*",
                            "destinationPortRange": "16000-65000",
                            "sourceAddressPrefix": "[parameters('publicSubnetAllowedCidr')]",
                            "destinationAddressPrefix": "*",
                            "access": "Allow",
                            "priority": 600,
                            "direction": "Inbound"
                        }
                    }
                ]
            }
        },
        {
            "apiVersion": "2019-09-01",
            "type": "Microsoft.Network/networkSecurityGroups",
            "name": "[variables('lanName')]",
            "location": "[parameters('location')]",
            "properties": {
                "securityRules": [
                    {
                        "name": "private",
                        "properties": {
                            "description": "Private",
                            "protocol": "*",
                            "sourcePortRange": "*",
                            "destinationPortRange": "*",
                            "sourceAddressPrefix": "[parameters('privateSubnetAllowedCidr')]",
                            "destinationAddressPrefix": "*",
                            "access": "Allow",
                            "priority": 100,
                            "direction": "Inbound"
                        }
                    }
                ]
            }
        },
        {
            "apiVersion": "2018-08-01",
            "type": "Microsoft.Network/publicIPAddresses",
            "name": "[variables('wanName')]",
            "location": "[parameters('location')]",
            "properties": {
                "publicIPAllocationMethod": "Static"
            }
        },
        {
            "apiVersion": "2019-09-01",
            "type": "Microsoft.Network/networkInterfaces",
            "name": "[variables('wanName')]",
            "location": "[parameters('location')]",
            "dependsOn": [
                "[variables('publicSubnetRef')]",
                "[resourceId('Microsoft.Network/publicIPAddresses/', variables('wanName'))]",
                "[resourceId('Microsoft.Network/networkSecurityGroups/', variables('wanName'))]"
            ],
            "properties": {
                "enableAcceleratedNetworking": true,
                "enableIPForwarding": true,
                "networkSecurityGroup": {
                    "id": "[resourceId('Microsoft.Network/networkSecurityGroups', variables('wanName'))]"
                },
                "ipConfigurations": [
                    {
                        "name": "[variables('wanName')]",
                        "properties": {
                            "privateIPAllocationMethod": "Dynamic",
                            "publicIPAddress": {
                                "id": "[resourceId('Microsoft.Network/publicIPAddresses', variables('wanName'))]"
                            },
                            "subnet": {
                                "id": "[variables('publicSubnetRef')]"
                            }
                        }
                    }
                ]
            }
        },
        {
            "apiVersion": "2019-09-01",
            "type": "Microsoft.Network/networkInterfaces",
            "name": "[variables('lanName')]",
            "location": "[parameters('location')]",
            "dependsOn": [
                "[variables('privateSubnetRef')]",
                "[resourceId('Microsoft.Network/networkSecurityGroups/', variables('lanName'))]"
            ],
            "properties": {
                "enableAcceleratedNetworking": true,
                "enableIPForwarding": true,
                "networkSecurityGroup": {
                    "id": "[resourceId('Microsoft.Network/networkSecurityGroups', variables('lanName'))]"
                },
                "ipConfigurations": [
                    {
                        "name": "[variables('lanName')]",
                        "properties": {
                            "privateIPAllocationMethod": "Dynamic",
                            "subnet": {
                                "id": "[variables('privateSubnetRef')]"
                            }
                        }
                    }
                ]
            }
        },
        {
            "apiVersion": "2019-07-01",
            "type": "Microsoft.Compute/virtualMachines",
            "name": "[parameters('CloudSSRName')]",
            "location": "[parameters('location')]",
            "dependsOn": [
                "[resourceId('Microsoft.Network/networkInterfaces/', variables('wanName'))]",
                "[resourceId('Microsoft.Network/networkInterfaces/', variables('lanName'))]",
                "[resourceId('Microsoft.Network/networkInterfaces/', variables('mgmtName'))]"
            ],
            "properties": {
                "hardwareProfile": {
                    "vmSize": "[parameters('instanceSize')]"
                },
                "osProfile": {
                    "computerName": "[parameters('CloudSSRName')]",
                    "adminUsername": "[parameters('adminUsername')]",
                    "linuxConfiguration": {
                        "disablePasswordAuthentication": true,
                        "ssh": {
                            "publicKeys": [
                                {
                                    "path": "[concat('/home/', parameters('adminUsername'), '/.ssh/authorized_keys')]",
                                    "keyData": "[parameters('adminPublicKeyData')]"
                                }
                            ]
                        }
                    },
                    "customData": "[base64(parameters('cloudInitScript'))]"
                },
                "storageProfile": {
                    "imageReference": {
                        "publisher": "juniper-networks",
                        "offer": "[variables('offer')]",
                        "sku": "[variables('sku')]",
                        "version": "latest"
                    },
                    "osDisk": {
                        "name": "[parameters('CloudSSRName')]",
                        "createOption": "FromImage",
                        "diskSizeGB": "60"
                    }
                },
                "networkProfile": {
                    "networkInterfaces": [
                        {
                            "id": "[resourceId('Microsoft.Network/networkInterfaces', variables('mgmtName'))]",
                            "properties": {
                                "primary": true
                            }
                        },
                        {
                            "id": "[resourceId('Microsoft.Network/networkInterfaces', variables('wanName'))]",
                            "properties": {
                                "primary": false
                            }
                        },
                        {
                            "id": "[resourceId('Microsoft.Network/networkInterfaces', variables('lanName'))]",
                            "properties": {
                                "primary": false
                            }
                        }
                    ]
                }
            },
            "plan": {
                "name": "[variables('sku')]",
                "publisher": "juniper-networks",
                "product": "[variables('offer')]"
            }
        },
        {
            "type": "Microsoft.Network/virtualNetworks/subnets",
            "apiVersion": "2020-11-01",
            "name": "[concat(parameters('virtualNetworkName'), '/LAN')]",
            "dependsOn": [
                "[resourceId('Microsoft.Network/routeTables/', variables('routeTableName'))]",
                "[resourceId('Microsoft.Network/networkSecurityGroups', variables('lanName'))]"
            ],
            "properties": {
                "addressPrefix": "[parameters('LANSubnetIPAddressSpace')]",
                "serviceEndpoints": [],
                "routeTable": {
                    "id": "[resourceId('Microsoft.Network/routeTables/', variables('routeTableName'))]"
                },
                "delegations": [],
                "privateEndpointNetworkPolicies": "Disabled",
                "privateLinkServiceNetworkPolicies": "Enabled",
                "networkSecurityGroup": {
                    "id": "[resourceId('Microsoft.Network/networkSecurityGroups', variables('lanName'))]"
                }
            }
        },
        {
            "type": "Microsoft.Network/virtualNetworks/subnets",
            "apiVersion": "2020-11-01",
            "name": "[concat(parameters('virtualNetworkName'), '/WAN')]",
            "dependsOn": [
                "[resourceId('Microsoft.Network/networkSecurityGroups', variables('wanName'))]",
                "[resourceId('Microsoft.Network/virtualNetworks/subnets', parameters('virtualNetworkName'), 'LAN')]"
            ],
            "properties": {
                "addressPrefix": "[parameters('WANSubnetIPAddressSpace')]",
                "serviceEndpoints": [],
                "delegations": [],
                "privateEndpointNetworkPolicies": "Disabled",
                "privateLinkServiceNetworkPolicies": "Enabled",
                "networkSecurityGroup": {
                    "id": "[resourceId('Microsoft.Network/networkSecurityGroups', variables('wanName'))]"
                }
            }
        },
        {
            "type": "Microsoft.Network/routeTables",
            "apiVersion": "2022-07-01",
            "name": "[variables('routeTableName')]",
            "location": "[parameters('location')]",
            "properties": {
                "disableBgpRoutePropagation": false,
                "routes": []
            }
        }
    ],
    "outputs": {
        "InstanceIPAddress": {
            "type": "string",
            "value": "[reference(resourceId('Microsoft.Network/publicIPAddresses/', variables('mgmtName'))).ipAddress]"
        },
        "SSHLogin": {
            "type": "string",
            "value": "[concat('ssh ', parameters('adminUsername'), '@', reference(resourceId('Microsoft.Network/publicIPAddresses/', variables('mgmtName'))).ipAddress)]"
        },
        "LoginUser": {
            "type": "string",
            "value": "admin"
        },
        "LanNic": {
            "type": "object",
            "value": "[reference(resourceId('Microsoft.Network/networkInterfaces', variables('lanName')))]"
        },
        "routeTableName": {
            "type": "string",
            "value": "[variables('routeTableName')]"
        },
        "LanNicPrivateIpAddress": {
            "type": "string",
            "value": "[reference(resourceId('Microsoft.Network/networkInterfaces', variables('lanName'))).ipConfigurations[0].properties.privateIPAddress]"
        }
    }
}
